{
  "0": {
    "if_c": 4.0384615385,
    "else_c": 0.8461538462,
    "elif_c": 1.0384615385,
    "input_c": 3.0,
    "print_c": 3.3076923077,
    "code_len": 4.4730769231,
    "code_lines": 1.7692307692,
    "output_len": 0.8434615385,
    "output_lines": 2.4615384615,
    "sum_pass": 8.2692307692,
    "cluster": 0.0,
    "name": "Input Handling Issues",
    "test_1": 19.2307692308,
    "test_2": 12.3076923077,
    "test_3": 0.0,
    "test_4": 0.0,
    "test_5": 0.7692307692,
    "test_6": 0.7692307692,
    "param_2_value": 0.05,
    "param_3_value": 0.0666666667,
    "param_4_value": 1.0833333333,
    "exception_line": -1.0,
    "expected_": 0.0,
    "unexpected_indent": 0.0,
    "name_is_not_defined": 0.0,
    "invalid_decimal_literal": 0.0,
    "expected_an_indented_block_after_if_statement": 0.0,
    "invalid_syntax": 0.0,
    "Missing_parentheses_in_call_to_print": 0.0,
    "invalid_non-printable_character": 0.0,
    "leading_zeros_in_decimal": 0.0,
    "param_5_value": 0.3086538462,
    "param_6_value": 0.7525641026,
    "param_7_value": -0.0166666667,
    "count": 11
  },
  "1": {
    "if_c": 2.7297297297,
    "else_c": 0.7297297297,
    "elif_c": 0.2162162162,
    "input_c": 2.6216216216,
    "print_c": 2.3513513514,
    "code_len": 3.7240540541,
    "code_lines": 1.5135135135,
    "output_len": 0.5537837838,
    "output_lines": 1.7837837838,
    "sum_pass": 0.2702702703,
    "cluster": 1.0,
    "name": "Logic error",
    "test_1": 0.0,
    "test_2": 0.0,
    "test_3": 0.0,
    "test_4": 0.0,
    "test_5": 1.0810810811,
    "test_6": 0.0,
    "param_2_value": 0.0310810811,
    "param_3_value": 0.0382882883,
    "param_4_value": 0.6977477477,
    "exception_line": -0.2162162162,
    "expected_": 0.0,
    "unexpected_indent": 0.0,
    "name_is_not_defined": 0.0,
    "invalid_decimal_literal": 1.3513513514,
    "expected_an_indented_block_after_if_statement": 0.0,
    "invalid_syntax": 0.0,
    "Missing_parentheses_in_call_to_print": 0.0,
    "invalid_non-printable_character": 0.0,
    "leading_zeros_in_decimal": 2.7027027027,
    "param_5_value": 0.2162162162,
    "param_6_value": 0.2702702703,
    "param_7_value": -0.0157657658,
    "count": 26
  },
  "2": {
    "if_c": 3.475,
    "else_c": 0.85,
    "elif_c": 0.85,
    "input_c": 2.85,
    "print_c": 3.2,
    "code_len": 4.028,
    "code_lines": 1.5575,
    "output_len": 0.7695,
    "output_lines": 2.175,
    "sum_pass": 23.0,
    "cluster": 2.0,
    "name": "confused inputs order",
    "test_1": 19.5,
    "test_2": 20.0,
    "test_3": 20.0,
    "test_4": 18.0,
    "test_5": 14.5,
    "test_6": 0.0,
    "param_2_value": 0.0508333333,
    "param_3_value": 0.0725,
    "param_4_value": 1.0420833333,
    "exception_line": -1.0,
    "expected_": 0.0,
    "unexpected_indent": 0.0,
    "name_is_not_defined": 0.0,
    "invalid_decimal_literal": 0.0,
    "expected_an_indented_block_after_if_statement": 0.0,
    "invalid_syntax": 0.0,
    "Missing_parentheses_in_call_to_print": 0.0,
    "invalid_non-printable_character": 0.0,
    "leading_zeros_in_decimal": 0.0,
    "param_5_value": 0.5241666667,
    "param_6_value": 0.50875,
    "param_7_value": -0.0154166667,
    "count": 21
  },
  "3": {
    "if_c": 2.9787234043,
    "else_c": 0.829787234,
    "elif_c": 0.9574468085,
    "input_c": 2.7446808511,
    "print_c": 2.8510638298,
    "code_len": 4.100212766,
    "code_lines": 1.3957446809,
    "output_len": 0.8114893617,
    "output_lines": 1.9574468085,
    "sum_pass": 15.0,
    "cluster": 3.0,
    "name": "didnt use tab",
    "test_1": 20.0,
    "test_2": 20.0,
    "test_3": 20.0,
    "test_4": 0.0,
    "test_5": 0.0,
    "test_6": 0.0,
    "param_2_value": 0.0092198582,
    "param_3_value": 0.0219858156,
    "param_4_value": 0.7843971631,
    "exception_line": -0.085106383,
    "expected_": 0.0,
    "unexpected_indent": 0.0,
    "name_is_not_defined": 0.0,
    "invalid_decimal_literal": 0.0,
    "expected_an_indented_block_after_if_statement": 0.0,
    "invalid_syntax": 0.0,
    "Missing_parentheses_in_call_to_print": 1.0638297872,
    "invalid_non-printable_character": 2.1276595745,
    "leading_zeros_in_decimal": 0.0,
    "param_5_value": 0.3265957447,
    "param_6_value": 0.2510638298,
    "param_7_value": -0.0382978723,
    "count": 28
  },
  "4": {
    "if_c": 2.1666666667,
    "else_c": 0.6666666667,
    "elif_c": 0.1666666667,
    "input_c": 2.5,
    "print_c": 2.1666666667,
    "code_len": 2.7416666667,
    "code_lines": 1.2666666667,
    "output_len": 0.0,
    "output_lines": 1.0,
    "sum_pass": 0.0,
    "cluster": 4.0,
    "name": "logic - didnt use abs",
    "test_1": 0.0,
    "test_2": 0.0,
    "test_3": 0.0,
    "test_4": 0.0,
    "test_5": 0.0,
    "test_6": 0.0,
    "param_2_value": -0.0166666667,
    "param_3_value": -0.0166666667,
    "param_4_value": -0.0166666667,
    "exception_line": 3.1666666667,
    "expected_": 0.0,
    "unexpected_indent": 50.0,
    "name_is_not_defined": 0.0,
    "invalid_decimal_literal": 0.0,
    "expected_an_indented_block_after_if_statement": 0.0,
    "invalid_syntax": 0.0,
    "Missing_parentheses_in_call_to_print": 0.0,
    "invalid_non-printable_character": 0.0,
    "leading_zeros_in_decimal": 0.0,
    "param_5_value": -0.0166666667,
    "param_6_value": -0.0166666667,
    "param_7_value": -0.0166666667,
    "count": 2
  },
  "5": {
    "if_c": 2.0,
    "else_c": 1.0,
    "elif_c": 0.5714285714,
    "input_c": 2.2857142857,
    "print_c": 3.0,
    "code_len": 3.1014285714,
    "code_lines": 1.2,
    "output_len": 0.0,
    "output_lines": 1.0,
    "sum_pass": 0.0,
    "cluster": 5.0,
    "name": "print the parameters and not the names",
    "test_1": 0.0,
    "test_2": 0.0,
    "test_3": 0.0,
    "test_4": 0.0,
    "test_5": 0.0,
    "test_6": 0.0,
    "param_2_value": -0.0166666667,
    "param_3_value": -0.0166666667,
    "param_4_value": -0.0166666667,
    "exception_line": 5.4285714286,
    "expected_": 0.0,
    "unexpected_indent": 0.0,
    "name_is_not_defined": 0.0,
    "invalid_decimal_literal": 0.0,
    "expected_an_indented_block_after_if_statement": 0.0,
    "invalid_syntax": 50.0,
    "Missing_parentheses_in_call_to_print": 0.0,
    "invalid_non-printable_character": 0.0,
    "leading_zeros_in_decimal": 0.0,
    "param_5_value": -0.0166666667,
    "param_6_value": -0.0166666667,
    "param_7_value": -0.0166666667,
    "count": 12
  },
  "6": {
    "if_c": 1.4166666667,
    "else_c": 0.8333333333,
    "elif_c": 0.4166666667,
    "input_c": 2.5,
    "print_c": 2.0833333333,
    "code_len": 2.3858333333,
    "code_lines": 0.925,
    "output_len": 0.595,
    "output_lines": 1.9166666667,
    "sum_pass": 15.0,
    "cluster": 6.0,
    "name": -1.0,
    "test_1": 6.6666666667,
    "test_2": 0.0,
    "test_3": 0.0,
    "test_4": 13.3333333333,
    "test_5": 20.0,
    "test_6": 20.0,
    "param_2_value": 0.0388888889,
    "param_3_value": 0.0527777778,
    "param_4_value": 0.9,
    "exception_line": -1.0,
    "expected_": 0.0,
    "unexpected_indent": 0.0,
    "name_is_not_defined": 0.0,
    "invalid_decimal_literal": 0.0,
    "expected_an_indented_block_after_if_statement": 0.0,
    "invalid_syntax": 0.0,
    "Missing_parentheses_in_call_to_print": 0.0,
    "invalid_non-printable_character": 0.0,
    "leading_zeros_in_decimal": 0.0,
    "param_5_value": -0.0125,
    "param_6_value": -0.0152777778,
    "param_7_value": -0.0166666667,
    "count": 25
  },
  "7": {
    "if_c": 3.0,
    "else_c": 1.0,
    "elif_c": 0.1666666667,
    "input_c": 3.0,
    "print_c": 3.0,
    "code_len": 3.605,
    "code_lines": 1.7833333333,
    "output_len": 0.0,
    "output_lines": 1.0,
    "sum_pass": 0.0,
    "cluster": 7.0,
    "name": -1.0,
    "test_1": 0.0,
    "test_2": 0.0,
    "test_3": 0.0,
    "test_4": 0.0,
    "test_5": 0.0,
    "test_6": 0.0,
    "param_2_value": -0.0166666667,
    "param_3_value": -0.0166666667,
    "param_4_value": -0.0166666667,
    "exception_line": 6.5,
    "expected_": 50.0,
    "unexpected_indent": 0.0,